Date,IPO Name,"Issue Size 						  (in crores)",QIB,HNI,RII,Total,Issue,Listing Open,Listing Close,"Listing  						  Gains(%)",CMP,"Current 						  Gains (%)"
29-07-2021,Tatva Chintan,500,2.55,9.78,13.36,9.5,1083,2111.8,2310.25,113.32,"2,268.50",109.46
23-07-2021,Zomato,9375,51.79,32.96,7.45,38.25,76,115,125.85,65.59,133.35,75.46
19-07-2021,Clean Science,1546,156.37,206.43,9,93.41,900,1784.4,1585.2,76.13,"1,682.80",86.98
19-07-2021,G R Infra,963.28,93.18,73.01,4.89,43.48,837,1700,1746.8,108.7,"1,730.85",106.79
07-07-2021,India Pesticide,800,2.64,1.36,4.4,3.25,296,360,335.45,13.33,337.4,13.99
05-07-2021,Krishna Inst.,2146,5.26,1.89,2.9,3.86,825,1009,1096.8,32.95,"1,206.60",46.25
28-06-2021,Dodla Dairy,521,84.88,73.26,11.34,45.62,428,550,609.1,42.31,617.5,44.28
24-06-2021,Shyam Metalics,909,62.18,172.51,5.29,56.56,306,380,375.85,22.83,436.1,42.52
24-06-2021,Sona BLW,5550,1.57,0.22,0.66,1.04,291,302.4,362.85,24.69,438.9,50.82
14-05-2021,PowerGrid InvIT,7734.99,0,0,0,0,100,104,102.98,2.98,119,19
19-04-2021,Macrotech Dev,2500,3.05,1.44,0.4,1.36,486,439,463.15,-4.7,853.45,75.61
07-04-2021,Barbeque Nat,453.6,0,0,0,0,500,492,590.4,18.08,878.7,75.74
30-03-2021,Nazara,582.91,52.82,148.42,34.49,75.04,1101,1971,1576.8,43.22,"1,850.00",68.03
26-03-2021,Suryoday Small,582.34,2.18,1.31,3.09,2.37,305,274.75,276.2,-9.44,203.45,-33.3
26-03-2021,Kalyan Jeweller,1175,1.18,0.97,1.47,1.28,87,73.9,75.3,-13.45,70.9,-18.51
25-03-2021,Laxmi Organic,600,1.13,0.73,4.41,2.68,130,173,164.6,26.62,261.55,101.19
25-03-2021,Craftsman,823.7,0.56,0.05,1.04,0.69,1490,1440,1433,-3.83,"2,001.75",34.35
24-03-2021,Anupam Rasayan,760,30.8,62.06,4.62,23.86,555,534.7,525.9,-5.24,723.1,30.29
19-03-2021,Easy Trip,510,0,2.79,14.48,3.39,187,182,208.3,11.39,408.85,118.64
15-03-2021,MTAR Tech,596.41,52.01,522.35,12.78,133.18,575,990.05,1082.25,88.22,"1,438.85",150.23
05-03-2021,Heranba,60,25.98,108.72,4.82,33.13,627,900,812.25,29.55,810.15,29.21
26-02-2021,Railtel,819.24,22.03,51.4,7.08,20.68,94,109,121.4,29.15,139,47.87
25-02-2021,Nureca,100,0.24,17.1,74.29,17.98,400,634.95,666.65,66.66,"1,728.35",332.09
05-02-2021,Stove Kraft,412.63,8.02,32.72,26.04,18.03,385,498,445.95,15.83,772.15,100.56
03-02-2021,Home First,1153.72,52.53,39,6.59,26.66,518,612.15,527.4,1.81,600,15.83
02-02-2021,Indigo Paints,1170.56,96.21,115.76,6.5,54.84,1490,2607.5,3118.65,109.31,"2,595.00",74.16
29-01-2021,IRFC,4633,0.89,0.52,1.59,1.16,26,25,24.85,-4.42,23,-11.54
01-01-2021,Antony Waste,300.53,0.64,0.28,7.22,3.85,315,430,407.25,29.29,344.95,9.51
24-12-2020,Bectors Food,540.54,176.85,620.86,29.33,198.02,288,501,595.55,106.79,427.9,48.58
14-12-2020,Burger King,796.5,86.64,354.11,68.15,156.65,60,115.35,138.4,130.67,180.4,200.67
20-11-2020,Gland,6479.55,6.4,0.51,0.24,2.06,1500,1710,1820.45,21.36,"3,920.00",161.33
02-11-2020,Equitas Bank,517.6,3.91,0.22,2.08,1.95,33,31,32.75,-0.76,63.2,91.52
12-10-2020,UTI AMC,2159.88,3.34,0.93,2.32,2.31,554,476.2,476.6,-13.97,"1,042.05",88.1
12-10-2020,Mazagon Dock,443.69,89.71,678.88,35.63,157.41,145,216.25,173,19.31,259.5,78.97
05-10-2020,Angel Broking,600,5.74,0.69,4.31,3.94,306,275,275.85,-9.85,"1,186.85",287.86
01-10-2020,CAMS,2244.33,73.18,111.85,5.55,46.99,1230,1535,1401.6,13.95,"3,344.45",171.91
01-10-2020,Chemcon Special,318,113.54,449.14,41.21,149.33,340,731,584.8,72,502,47.65
21-09-2020,Route,600,89.76,192.81,12.67,73.3,350,708,651.1,86.03,"2,063.10",489.46
17-09-2020,Happiest Minds,702.02,77.43,351.46,70.94,150.98,166,351,371,123.49,"1,361.65",720.27
23-07-2020,Rossari,496.25,2.75,4.34,2.51,2.97,425,670,742.35,74.67,"1,243.35",192.55
16-03-2020,SBI Card,10286.2,57.18,45.23,2.5,26.54,755,658,683.2,-9.51,"1,036.45",37.28
30-12-2019,Prince Pipes,500,3.54,1.21,1.89,2.21,178,160,166.6,-6.4,685.7,285.22
12-12-2019,Ujjivan Small,750,110.72,473,49.09,165.68,37,58.75,55.9,51.08,28.8,-22.16
04-12-2019,CSB Bank,409.68,38.85,45.49,9.01,35.24,195,275,300.1,53.9,349.8,79.38
14-10-2019,IRCTC,635.04,108.79,354.52,14.94,111.95,320,644,728.6,127.69,"2,329.60",628
20-08-2019,Sterling & Wils,3125,1.02,0.89,0.3,0.85,780,700,725.35,-7.01,286.1,-63.32
04-07-2019,Indiamart Inter,474.12,30.83,62.13,14.07,36.21,973,1180,1302.55,33.87,"7,135.65",633.37
08-05-2019,Neogen,131.48,30.49,113.88,16.06,41.18,0,251,263.55,0,917,
15-04-2019,Metropolis,1200.18,8.88,3.03,2.21,5.84,880,960,959.55,9.04,"2,855.00",224.43
11-04-2019,Rail Vikas,430.88,1.36,0.8,2.92,1.82,19,19,19.05,0.26,29.65,56.05
01-04-2019,Embassy Office,4750,2.15,3.09,0.31,2.57,300,300,314.1,4.7,362.51,20.84
29-03-2019,MSTC,213.81,1.13,2.15,2.95,1.46,128,111,114.2,-10.78,284.05,121.91
07-02-2019,Chalet Hotels,1628.84,4.66,1.1,0.03,1.57,280,291,290.4,3.71,176.35,-37.02
04-02-2019,Xelpmoc Design,23,1.24,7.69,2.64,3.25,66,56,58.8,-10.91,418.9,534.7
08-10-2018,AAVAS Financier,1729.2,2.77,0.26,0.25,0.97,821,758,773.15,-5.83,"2,523.30",207.34
23-08-2018,CreditAccess Gr,1126.44,5.52,0.98,0.88,2.22,422,393,420.8,-0.28,662.45,56.98
30-07-2018,TCNS Clothing C,1121.98,13.47,5.08,0.67,5.27,716,715,657.8,-8.13,584.65,-18.34
02-07-2018,RITES,453.6,71.72,194.56,15.74,67.24,185,190,170.16,-8.02,276.9,49.68
02-07-2018,Fine Organics,597.87,12.86,21.01,1.62,8.99,783,815,822.8,5.08,"2,998.10",282.9
21-05-2018,Indostar Capita,1844,16.08,6.91,1.48,6.8,572,600.6,585.5,2.36,338.45,-40.83
05-04-2018,ICICI Securitie,4016,0.54,0.05,0.39,0.36,520,435,444.9,-14.44,731.6,40.69
04-04-2018,Mishra Dhatu Ni,438.38,1.96,0.12,0.72,1.21,0,93.1,90,0,190.65,
28-03-2018,Hindustan Aeron,4229,1.73,0.03,0.39,0.99,1215,1159,1128.35,-7.13,"1,116.55",-8.1
27-03-2018,Bandhan Bank,4473,38.67,13.89,1.2,14.63,375,485,477.2,27.25,291.3,-22.32
23-03-2018,Bharat Dynamics,960.94,1.5,0.5,1.41,1.3,428,360,390.7,-8.71,419.9,-1.89
09-03-2018,HG Infra Engg,457.7,8.37,4.97,3.08,4.98,270,270,270.05,0.02,528.5,95.74
26-02-2018,Aster DM Health,980.14,2.1,0.55,1.18,1.31,190,182,179.85,-5.34,163.3,-14.05
08-02-2018,Galaxy Surfacta,937.09,54.67,6.96,6,20,1480,1525,1698.1,14.74,"3,120.00",110.81
30-01-2018,Amber Enterpris,600,174.99,519.26,11.65,165.42,859,1175,1237.25,44.03,"2,992.30",248.35
29-01-2018,Newgen Software,424.62,15.62,5.52,5.18,8.25,245,256,253,3.27,609,148.57
22-01-2018,Apollo Micro Sy,156,101.93,958.07,40.19,248.51,275,478,454.1,65.13,115.9,-57.85
29-12-2017,Astron Paper &,70,103.35,396.99,77.93,243.29,50,120.75,119.7,139.4,61.3,22.6
18-12-2017,Future Supply,649.69,12.36,11.15,3.28,7.56,664,674,685.8,3.28,82.85,-87.52
15-12-2017,Shalby,504.8,4.34,0.42,2.98,2.82,248,237,239.25,-3.53,193.8,-21.85
17-11-2017,HDFC Life,8695.01,16.6,2.29,0.9,4.89,290,313,344.25,18.71,665.1,129.34
14-11-2017,Khadim India,493.06,2.45,0.18,2.34,1.9,750,727,688.5,-8.2,293.85,-60.82
10-11-2017,Mahindra Logist,829.36,15.61,2.07,6.11,7.9,429,425,429.15,0.03,748.2,74.41
06-11-2017,Nippon,1542,118.41,209.44,5.23,81.33,252,289,284,12.7,399.95,58.71
25-10-2017,General Insuran,11372,2.25,0.22,0.63,1.38,912,870.4,435.2,-52.28,180.15,-80.25
23-10-2017,IEX,1000.7,2.56,0.85,2.61,2.28,1650,1500,162.65,-90.14,430.8,-73.89
16-10-2017,Godrej Agrovet,1157.31,150.96,236.04,7.67,95.41,460,615,595.55,29.47,694,50.87
05-10-2017,Prataap Snacks,481.94,76.89,101.15,7.62,46.97,938,1250,1178.3,25.62,740,-21.11
03-10-2017,SBI Life Insura,8400,12.56,0.7,0.81,3.55,700,735,708,1.14,"1,099.70",57.1
27-09-2017,ICICI Lombard,5700.94,8.93,0.83,1.23,2.98,661,651,681.55,3.11,"1,475.60",123.24
25-09-2017,Capacite Infra,400,131.32,638.05,17.57,183.03,250,360,342.4,36.96,228.35,-8.66
21-09-2017,Matrimony.com,501.07,1.88,0.41,18.16,4.44,985,985,901.2,-8.51,"1,154.60",17.22
18-09-2017,Dixon Technolog,599.28,134.66,345.62,9.46,117.27,1766,2725,578.56,-67.24,"4,300.95",143.54
18-09-2017,Bharat Road Net,600.65,1.33,1.63,5.16,1.75,205,205,208.15,1.54,34.8,-83.02
04-09-2017,Apex Frozen,152.25,1.91,7.82,8.53,6.14,175,202,209.85,19.91,377.2,115.54
11-08-2017,Cochin Shipyard,1454,63.51,288.87,8.12,76.06,432,461,522,20.83,376.45,-12.86
10-08-2017,SIS,362.25,5.64,1.65,18.67,6.92,815,875,378.35,-53.58,485,-40.49
25-07-2017,Salasar Techno,35.87,0,487.18,58.59,277.28,108,259.45,272.1,151.94,342,216.67
10-07-2017,AU Small Financ,1912.51,78.77,143.51,3.52,53.6,358,544,541.2,51.17,"1,219.90",240.75
04-07-2017,GTPL Hathway,484.8,1.48,2.48,0.99,1.53,170,170,171.65,0.97,191.35,12.56
30-06-2017,CDSL,523.99,148.71,563.03,23.83,170.16,149,250,261.6,75.57,"1,331.45",793.59
29-06-2017,Eris Life,1741.1,4.68,0.45,3.51,3.29,603,612,601.05,-0.32,792.1,31.36
27-06-2017,Tejas Networks,326.69,2.16,0.48,3.1,1.88,257,257.7,263.3,2.45,258.3,0.51
06-06-2017,IndiGrid InvIT,2250,1.14,1.6,0,1.35,100,99.7,95.08,-4.92,141.25,41.25
29-05-2017,PSP Projects,211.68,8.38,10.39,6.47,8.58,210,195,208.95,-0.5,464.75,121.31
19-05-2017,HUDCO,1224,55.45,330.36,10.79,79.53,58,76.5,72.5,25,45.3,-21.9
09-05-2017,S Chand and Co,325,44.27,204.65,6.07,59.49,670,675.85,675.85,0.87,141,-78.96
05-04-2017,Shankara Buildi,232.96,51.62,90.68,15.35,41.88,460,545,632.8,37.57,654.25,42.23
31-03-2017,CL Educate,238.95,3.65,0.21,1.63,1.9,500,398,417.9,-16.42,159.65,-68.07
21-03-2017,Avenue Supermar,1870,144.61,277.74,7.3,104.48,299,604,640.75,114.3,"3,500.55",1070.75
17-03-2017,Music Broadcast,488.53,39.78,109.13,9.85,39.67,333,413,59.7,-82.07,24.6,-92.61
03-02-2017,BSE Limited,1243,48.64,159.03,6.48,51.22,806,1085,1069.2,32.66,"1,248.80",54.94
19-12-2016,Laurus Labs,560.7,10.54,3.57,1.58,4.53,428,489.9,96.1,-77.55,640.65,49.68
09-12-2016,Sheela Foam,178.5,14.51,3.35,0.44,5.09,730,860,1032,41.37,"2,385.00",226.71
08-11-2016,Varun Beverages,1114,4.94,0.42,0.82,1.86,445,430,205.29,-53.87,758.4,70.43
07-11-2016,PNB Housing Fin,3000,37.33,86.17,1.32,29.53,775,860,890.6,14.92,677.25,-12.61
19-10-2016,Endurance Techn,1161,1.7,0.13,0.82,0.92,472,572,647.7,37.22,"1,734.00",267.37
04-10-2016,HPL Electric &,361,5.77,22.2,3.31,8.06,202,190,189.05,-6.41,83.55,-58.64
29-09-2016,ICICI Prudentia,6057,11.83,28.55,1.42,10.48,334,329,297.65,-10.88,631.6,89.1
27-09-2016,GNA Axles,130.41,17.18,217.47,11.84,54.88,207,252,233.45,12.78,651,214.49
23-09-2016,L&T Technology,900,5.01,1.03,1.74,2.52,860,900,865.1,0.59,"3,720.00",332.56
31-08-2016,RBL Bank,1100,85.08,198.06,5.7,69.62,225,274.4,299.3,33.02,192.95,-14.24
12-08-2016,S P Apparels,215,1,0.45,0.54,0.66,268,275,295,10.07,324.05,20.91
11-08-2016,Dilip Buildcon,430,0,0,0,0,219,240,251.95,15.05,560,155.71
01-08-2016,Advanced Enzyme,60,94.03,393.1,11.67,116.02,896,1210,235.66,-73.7,399.45,-55.42
21-07-2016,L&T Infotech,1242,19.91,10.76,7.39,11.69,710,667,697.65,-1.74,"4,684.80",559.83
12-07-2016,Quess Corp,400,59.02,392.21,31.23,143.99,317,500,503,58.68,867.2,173.56
01-07-2016,Mahanagar Gas,1039.64,72.84,191.61,6.82,64.54,421,540,519.9,23.49,"1,165.95",176.95
19-05-2016,Parag Milk Food,764.3,1.15,3.08,2.12,1.83,215,230,247.8,15.26,138.55,-35.56
10-05-2016,Ujjivan Financi,358.16,33.84,135.45,4.02,40.68,210,231.9,231.6,10.29,239.75,14.17
09-05-2016,Thyrocare Techn,479.21,73.18,225.3,8.73,73.55,446,662,618.1,38.59,"1,306.50",192.94
21-04-2016,Equitas Holding,2159,14.93,57.29,1.4,17.21,110,145.1,135.25,22.95,128.5,16.82
01-04-2016,Bharat Wire Rop,70,1.01,2.02,2.08,1.21,45,47.25,45.4,0.89,79.05,75.67
18-02-2016,Quick Heal Tech,450,4.34,36.69,3.82,10.8,321,305,254.45,-20.73,303.25,-5.53
12-02-2016,TeamLease Ser.,273.68,26.97,185.24,10.61,66.02,850,860,1021.95,20.23,"4,256.05",400.71
08-02-2016,Precision Camsh,410,2.62,0.73,2.01,1.91,186,165,177.25,-4.7,109.05,-41.37
06-01-2016,Narayana Hruda,613,0.01,0.01,0.13,0.07,250,291,336.7,34.68,489,95.6
23-12-2015,Dr Lal PathLab,638,63.56,61.28,4.24,33.41,550,717,824.15,49.85,"3,554.55",546.28
23-12-2015,Alkem Lab,1349.6,57.19,129.96,3.17,44.29,1050,1380,1381.45,31.57,"3,454.55",229
16-11-2015,S H Kelkar,200,0,0,0,0,180,216,207.3,15.17,169.1,-6.06
10-11-2015,Interglobe Avi,3000,17.8,3.57,0.92,6.15,765,868,878.45,14.83,"1,668.00",118.04
02-11-2015,Coffee Day,1150,4.39,0.54,0.9,1.82,328,313,270.15,-17.64,41,-87.5
21-09-2015,Prabhat Dairy,300,0.88,1.42,0.34,0.77,115,113,116.35,1.17,99.65,-13.35
16-09-2015,Sadbhav Infra,425,3.04,1.66,1.69,2.24,103,111,106.15,3.06,28.4,-72.43
10-09-2015,Shree Pushkar,70,0.97,2.09,1.54,1.34,65,60.05,63,-3.08,172.8,165.85
10-09-2015,Pennar Eng,156.19,0,0.04,0.11,0.07,178,177.95,157.5,-11.52,63.85,-64.13
09-09-2015,Navkar Corp,600,6.47,0.9,1.62,2.85,155,152,166.4,7.35,49.45,-68.1
26-08-2015,Power Mech,273.22,27.53,133.22,3.42,38.12,640,600,585.75,-8.48,815,27.34
11-08-2015,Syngene Intl,550,51.47,90.24,4.78,32.05,250,295,155.2,-37.92,637.75,155.1
09-07-2015,Manpasand Bever,400,1.99,0.38,1.16,1.4,320,291,163.43,-48.93,6.14,-98.08
26-05-2015,PNC Infratech,488,4.51,0.65,0.28,1.56,378,381,72.04,-80.94,314.2,-16.88
14-05-2015,UFO Moviez,600,4.49,1.17,1.02,2.04,625,600,598.8,-4.19,105.75,-83.08
06-05-2015,MEP Infra,324,1.02,1.51,0.97,1.11,63,63,60.95,-3.25,23.2,-63.17
30-04-2015,VRL Logistics,473.88,58.22,250.86,7.92,74.26,205,288,293.3,43.07,303.65,48.12
09-04-2015,Inox Wind,700,35.68,35.38,2.15,18.6,325,400,438,34.77,141.9,-56.34
06-04-2015,Imagicaaworld,467,1.17,0.49,1.37,1.11,180,167.95,191.25,6.25,8.64,-95.2
19-03-2015,Ortel Comm,240,1.01,0.09,0.39,0.75,181,181,171.95,-5,1.29,-99.29
19-12-2014,Monte Carlo,342.28,13.96,1.71,6.96,7.83,645,585,566.4,-12.19,379.8,-41.12
01-10-2014,Shemaroo Ent,120,5.69,8.64,7.79,7.39,170,180,171,0.59,127.1,-25.24
23-09-2014,Sharda Crop,352,32.06,251.35,5.85,59.97,156,254.1,231.45,48.37,347.9,123.01
12-09-2014,Snowman Logist,197.4,16.98,221.79,41.26,59.75,47,75,78.75,67.55,50.5,7.45
09-05-2014,Wonderla,181.25,16.71,159.04,7.56,38.06,125,164.75,157.6,26.08,244.5,95.6
05-06-2013,Just Dial,950,10.12,22.34,3.53,11.63,530,590,611.45,15.37,964.15,81.92
01-04-2013,Repco Home,270.38,3.39,0.35,0.51,1.65,172,159.95,160.85,-6.48,340,97.67
28-12-2012,INDUS TOWERS,4533.6,2.84,0.1,0.06,1.21,220,200,191.2,-13.09,222.15,0.98
27-12-2012,PC Jeweller,609.3,7.33,18.12,1.68,6.85,135,137,74.5,-44.81,24.6,-81.78
26-12-2012,CARE Ratings,539.98,45.8,110.96,6.18,40.98,750,940,923.95,23.19,721.5,-3.8
06-12-2012,Tara Jewels,0,1.49,3.1,2.05,1.98,230,242,229.95,-0.02,0.76,-99.67
18-07-2012,VKS Projects,55,1.15,0.38,1.13,1.03,55,55.8,1.57,-97.15,0.04,-99.93
30-05-2012,Speciality Rest,181.96,4.68,2.19,0.55,2.54,150,153,160.65,7.1,73.7,-50.87
09-05-2012,Tribhovandas,210,1.29,1.91,0.68,1.15,120,115,111.2,-7.33,84.25,-29.79
12-04-2012,MT Educare,99,6.01,8,2.17,4.8,80,86.05,90.35,12.94,9.75,-87.81
12-04-2012,NBCC (India),127.2,7.07,1.7,3.4,4.93,106,100,6.47,-93.9,51.45,-51.46
28-03-2012,Olympic Cards,25,0,3.43,1.36,0.99,30,29.95,28.5,-5,2.79,-90.7
09-03-2012,MCX India,663.31,49.12,150.35,24.14,54.13,1032,1387,1297.05,25.68,"1,599.65",55
02-11-2011,Indo Thai Secu,33.6,0,0.02,3.31,1.16,74,76,23,-68.92,71,-4.05
24-10-2011,Vaswani Ind,49,0.16,11.29,6.82,4.16,49,33.45,17.75,-63.78,13.63,-72.18
20-10-2011,Ujaas Energy,93,1.03,1.56,2.35,1.57,186,180,31.76,-82.92,2.99,-98.39
19-10-2011,Flexituff Ventu,104.63,0.51,1.55,1.55,1.03,155,155,166.4,7.35,21.35,-86.23
19-10-2011,Taksheel Solut,82.5,0.24,4.7,6.18,2.99,150,157.4,58.15,-61.23,3.85,-97.43
17-10-2011,Onelife Capital,36.85,1.02,0.93,2.32,1.51,110,115,145.9,32.64,12.11,-88.99
04-10-2011,Setubandhan Inf,60,0.31,2.76,4.68,2.21,138,145,22.95,-83.37,1.46,-98.94
26-09-2011,PG Electroplast,120.65,0.98,1.84,1.64,1.34,210,200,411.65,96.02,377.8,79.9
16-09-2011,SRS,227.5,0.74,5,0.29,1.22,58,55,16.83,-70.98,0.19,-99.67
08-09-2011,TD Power System,227,6.52,0.32,0.36,2.72,256,251.6,274.8,7.34,193.1,-24.57
05-09-2011,Brooks Labs,63,0,2.82,3.36,1.6,100,110,50.2,-49.8,88.5,-11.5
26-08-2011,Tree House,112.06,1.02,1.68,2.76,1.85,135,132.8,116.55,-13.67,11.06,-91.81
12-08-2011,L&T Finance,1245,1.93,6.18,9.61,5.34,52,53.85,46.46,-10.65,88.3,69.81
04-08-2011,Inventure Grow,81.9,0.25,9.49,8.66,4.58,117,119,5.2,-95.56,3.53,-96.98
28-07-2011,Bharatiya Glob,55.1,0,1.94,5.06,2.06,82,84,30.95,-62.26,1.78,-97.83
13-07-2011,Kridhan Infra,34.75,0.03,1.37,4.18,1.68,108,115,13.29,-87.69,5.29,-95.1
07-07-2011,Birla Pacific,65.18,1.04,0.17,1.82,1.18,10,10.1,25.35,153.5,0.28,-97.2
07-07-2011,Rushil Decor,40.64,0.23,1.35,6.57,2.62,72,81.25,104.49,45.12,290.1,302.92
22-06-2011,Timbor Home,23.25,0.65,3.22,14.22,5.78,63,72,91.2,44.76,2.21,-96.49
14-06-2011,VMS Industries,25.75,0,1.11,3.41,1.36,40,43.95,28.5,-28.75,16.21,-59.48
27-05-2011,Dr Datson Labs,120,0.14,2.65,1.84,1.11,234,218,311.25,33.01,6.29,-97.31
23-05-2011,Sanghvi Forging,36.9,0,1.82,2.93,1.3,85,88,111.75,31.47,16.5,-80.59
13-05-2011,Innoventive Ind,219.58,0.85,1.94,1.48,1.24,117,110,93.6,-20,4.2,-96.41
12-05-2011,Servalakshmi,60,0.34,4.21,1.9,1.47,29,30,19,-34.48,1.33,-95.41
10-05-2011,Future Consumer,750,0.26,7.81,0.61,1.52,10,9.5,8.3,-17,8.24,-17.6
09-05-2011,Paramount Print,45.83,0.33,3.28,9.31,3.92,35,35,26.65,-23.86,0.82,-97.66
06-05-2011,Muthoot Finance,901.25,25.01,60.94,8.5,24.55,175,176.45,176.25,0.71,"1,555.50",788.86
08-04-2011,Shilpi Cable,55.88,1.04,6.39,5.74,3.48,69,78.35,23.8,-65.51,1.1,-98.41
30-03-2011,PTC India Fin,438.76,2.85,0.22,1.18,1.7,28,28,24.9,-11.07,20.45,-26.96
24-03-2011,Lovable Lingeri,93.28,21.87,99.87,20.84,35.21,205,261.5,249.2,21.56,125.25,-38.9
11-03-2011,Sudar Ind,69.98,0.17,4.47,2.27,1.55,77,74,113.1,46.88,1.02,-98.68
11-03-2011,Fineotex Chem,30.32,0,0.22,4.38,1.57,70,80,14.09,-79.87,104.7,49.57
10-03-2011,Acropetal Tech,170,1.12,2,1.21,1.28,90,130,98.45,9.39,1.67,-98.14
10-02-2011,Omkar Special,79.38,0.82,5.27,9.9,4.67,98,95,46.2,-52.86,18.34,-81.29
20-01-2011,C Mahendra Expo,165,1.02,3.92,4.82,2.78,110,111,55.43,-49.61,1.79,-98.37
30-12-2010,Punjab & Sind,480,49.8,22.91,8.38,47.2,120,146.1,127.05,5.87,20,-83.33
23-12-2010,A2Z Infra Eng,675,0.7,4.25,0.33,0.96,400,390,328.9,-17.78,5.25,-98.69
20-12-2010,Claris Life,300,1.31,2.03,1.6,1.5,228,224.4,205.85,-9.71,396.55,73.93
15-12-2010,MOIL,1260,0,0,0,0,375,551,233.25,-37.8,190.1,-49.31
06-12-2010,RPP Infra Proj,48.75,0.16,7.27,5.6,2.97,75,75,68.95,-8.07,85.5,14
16-11-2010,Gravita India,45,6.04,182.52,37.34,42.88,125,218.75,42.08,-66.34,186.15,48.92
04-11-2010,Coal India,15475,24.7,25.4,2.31,15.28,245,300,342.35,39.73,143.25,-41.53
27-10-2010,BS Limited,197.36,0.52,3.16,1.04,1.1,248,251,18.93,-92.37,0.33,-99.87
27-10-2010,Gyscoal Alloys,54.67,1.54,33.44,8,8.59,71,76.6,8.16,-88.51,2.8,-96.06
27-10-2010,Prestige Estate,1200,4.32,0.24,0.08,2.26,183,190,192.55,5.22,341.8,86.78
20-10-2010,Oberoi Realty,1028.61,22.15,3.61,0.94,12.13,260,280,282.95,8.83,672.9,158.81
18-10-2010,Commercial Eng,172.41,3.68,0.34,0.38,2.07,127,122.8,112.25,-11.61,37.75,-70.28
14-10-2010,Sea TV Network,50.2,1.66,40.94,7.45,9.58,100,120,106,6,1.98,-98.02
14-10-2010,Bedmutha Ind,91.8,0.67,29.19,8.51,7.69,102,114.4,180.8,77.25,41.8,-59.02
14-10-2010,Ashoka Buildcon,225,25.52,13.91,3.46,15.94,324,333.55,73.33,-77.37,107.45,-66.84
13-10-2010,Va Tech Wabag,472.6,36.13,100.98,8.55,36.22,1310,1655,341.88,-73.9,370,-71.76
12-10-2010,Cantabil Retail,105,1.71,3.83,2.63,2.35,135,133.8,104.75,-22.41,401.6,197.48
12-10-2010,Tecpro Systems,268.03,27.99,62.48,9.07,24.47,355,399.4,407.85,14.89,4.53,-98.72
08-10-2010,Electrosteel St,0,5.86,28.58,6.19,8.23,11,11.15,11.25,2.27,31.05,182.27
08-10-2010,Orient Green,900,2.09,0.64,0.18,1.07,47,45.7,44.9,-4.47,3.43,-92.7
08-10-2010,Ramky Infra,530,4.52,1.45,0.99,2.89,450,450,387.35,-13.92,177.95,-60.46
06-10-2010,Eros Intl,350,25.79,73.4,11.95,26.51,175,213.55,190.05,8.6,24.8,-85.83
06-10-2010,Career Point,115,47.45,101.93,31.74,47.39,310,461,632.35,103.98,174.8,-43.61
05-10-2010,Sasta Sundar,147.5,5.91,35.88,11.04,12.2,118,135.1,110.9,-6.02,320.55,171.65
01-10-2010,Tirupati Inks,51.5,1.78,23.18,12.59,8.77,43,53.95,36.65,-14.77,1.59,-96.3
29-09-2010,Indosolar,357,1.44,1.3,1.81,1.55,29,29.75,23.7,-18.28,2.94,-89.86
09-09-2010,Gujarat Pipavav,500,13.2,85.7,9.15,19.94,46,56.25,54.05,17.5,110.8,140.87
25-08-2010,Prakash Steelag,68.75,1.27,10.91,6.62,4.53,110,118.55,18.8,-82.91,1.57,-98.57
18-08-2010,Bajaj Consumer,297,20.19,53.49,6.62,19.29,660,730,151.65,-77.02,285,-56.82
16-08-2010,Bharat Fin,1653.97,20.38,18.26,2.81,13.69,985,1036,1088.58,10.52,898.2,-8.81
28-07-2010,Shri Aster,53.1,0.01,12.46,7.41,4.47,118,127.7,199.1,68.73,1.28,-98.92
21-07-2010,Hindustan Media,270,8.98,3.39,1,5.43,166,177.95,189.2,13.98,87.2,-47.47
16-07-2010,Technofab Engg,71.76,4.28,48.85,10.03,12.78,240,265,295.65,23.19,6.85,-97.15
01-07-2010,Parabolic Drugs,200,1.48,1.2,0.4,1.04,75,76,64.8,-13.6,5.7,-92.4
21-05-2010,Jaypee Infra,1650,1.77,1.15,0.61,1.24,102,98,91.3,-10.49,2.16,-97.88
20-05-2010,SJVN,1079,9.03,3.39,3.12,6.64,26,27.1,25.05,-3.65,27.25,4.81
19-05-2010,GB Global,107.9,7.97,10.52,2.81,6.32,130,131,133.65,2.81,9.8,-92.46
18-05-2010,Tarapur Trans,63.75,0.03,5.08,2.74,1.74,75,75,56.9,-24.13,5.31,-92.92
13-05-2010,NEL HOLDINGS SO,405,2.54,0.22,0.16,1.16,54,50,50.95,-5.65,2.58,-95.22
10-05-2010,Talwalkars Fitn,77.44,35.43,51.48,8.43,28.39,128,138,162.6,27.03,1.45,-98.87
16-04-2010,Goenka Diamond,145,0.78,2.99,0.66,1.07,135,130,12.79,-90.53,1.25,-99.07
12-04-2010,Intrasoft Tech,53.65,21.97,21.6,13.51,18.95,145,140,159.35,9.9,114.55,-21
09-04-2010,Shree Ganesh,385.29,1.38,6.13,1.39,1.96,260,258.85,163.25,-37.21,0.82,-99.68
06-04-2010,Persistent,168.01,144.43,107.73,21.69,93.6,310,400,204,-34.19,"3,131.00",910
05-04-2010,Pradip Overseas,116.6,8.57,45.35,10.53,14.08,110,120,89.29,-18.83,1.2,-98.91
30-03-2010,ILandFS Trans,700,52.61,39.39,4.56,33.42,258,287,253.68,-1.67,5.42,-97.9
29-03-2010,DQ Entertain,128.38,93.86,272.88,19.45,86.33,80,135,108.55,35.69,0.91,-98.86
18-03-2010,United Bank,330,47.08,39.15,9.8,33.38,66,77,68.8,4.24,4.48,-93.21
11-03-2010,Man Infra,142,96.06,104.57,10.26,62.53,252,335,69.65,-72.36,65.1,-74.17
10-03-2010,Texmo Pipes,45,1.02,30.5,7.26,7.48,90,92.8,137.25,52.5,54.2,-39.78
03-03-2010,ARSS Infra,103,49.34,124.53,18.55,47.62,450,640,736.3,63.62,31.5,-93
25-02-2010,Hathway Cable,735.4,1.43,4.29,0.28,1.36,240,246,41.56,-82.68,26.05,-89.15
24-02-2010,DB Realty,1500,1.35,1.21,0.01,0.85,468,452.1,455.4,-2.69,25.6,-94.53
24-02-2010,Emmbi Ind,43.08,0.43,5.55,0.46,1.2,45,46,28.65,-36.33,113.8,152.89
23-02-2010,Aqua Logistics,150,0.26,5.07,3,1.94,220,225,24.46,-88.88,1.4,-99.36
19-02-2010,Thangamayil,0,0.52,1.52,2.26,1.12,75,70,71.1,-5.2,870,1060
15-02-2010,Vascon Engineer,199.8,1.12,3.65,0.62,1.22,165,155.9,146.38,-11.28,21.7,-86.85
15-02-2010,Syncom Health,56.25,0.99,16.6,6.25,5.17,75,88,87.85,17.13,4.06,-94.59
08-02-2010,Jubilant Food,328.7,59.39,51.95,3.79,31.11,145,160,114.5,-21.03,"3,770.20",2500.14
03-02-2010,Infinite Comp,189.8,48.44,106.02,11.08,43.22,165,178.35,184.51,11.82,473.75,187.12
